{"cameraMode":{"drawMode":0,"name":"Shaded","section":"Shading Mode"},"sceneLighting":false,"audioPlay":false,"sceneViewState":{"showFog":true,"showMaterialUpdate":false,"showSkybox":false,"showFlares":true,"showImageEffects":true,"showParticleSystems":true},"in2DMode":false,"pivot":{"x":0.0,"y":4.599999904632568,"z":-7.869999885559082},"rotation":{"x":-0.0018945392221212388,"y":-0.9940159916877747,"z":0.10808369517326355,"w":-0.01729116402566433},"size":7.288084506988525,"orthographic":false}