{"cameraMode":{"drawMode":0,"name":"Shaded","section":"Shading Mode"},"sceneLighting":false,"audioPlay":false,"sceneViewState":{"showFog":true,"showMaterialUpdate":false,"showSkybox":false,"showFlares":true,"showImageEffects":true,"showParticleSystems":true},"in2DMode":false,"pivot":{"x":2.9802322387695315e-8,"y":1.0,"z":-5.960464477539063e-8},"rotation":{"x":0.00010928484698524699,"y":0.9320353865623474,"z":-0.3623703718185425,"w":0.0002805357798933983},"size":3.500178813934326,"orthographic":false}