{"cameraMode":{"drawMode":0,"name":"Shaded","section":"Shading Mode"},"sceneLighting":true,"audioPlay":false,"sceneViewState":{"showFog":true,"showMaterialUpdate":false,"showSkybox":true,"showFlares":true,"showImageEffects":true,"showParticleSystems":true},"in2DMode":false,"pivot":{"x":-0.5965989828109741,"y":-1.7442784309387208,"z":1.261775016784668},"rotation":{"x":0.00009253779717255384,"y":0.9520882368087769,"z":-0.305830180644989,"w":0.00028649516752921045},"size":20.077434539794923,"orthographic":false}