{"cameraMode":{"drawMode":0,"name":"Shaded","section":"Shading Mode"},"sceneLighting":true,"audioPlay":false,"sceneViewState":{"showFog":true,"showMaterialUpdate":false,"showSkybox":true,"showFlares":true,"showImageEffects":true,"showParticleSystems":true},"in2DMode":false,"pivot":{"x":-0.10242319107055664,"y":-2.7369155883789064,"z":1.8983116149902344},"rotation":{"x":-0.0030683765653520824,"y":0.9778652787208557,"z":-0.20874115824699403,"w":-0.014374298974871636},"size":22.625701904296876,"orthographic":false}