{"cameraMode":{"drawMode":0,"name":"Shaded","section":"Shading Mode"},"sceneLighting":true,"audioPlay":false,"sceneViewState":{"showFog":true,"showMaterialUpdate":false,"showSkybox":true,"showFlares":true,"showImageEffects":true,"showParticleSystems":true},"in2DMode":false,"pivot":{"x":-0.12222817540168762,"y":1.2225244045257569,"z":-13.926521301269532},"rotation":{"x":0.0019265369046479464,"y":-0.9848048090934753,"z":0.17342032492160798,"w":0.010937537997961045},"size":39.0856819152832,"orthographic":false}