{"cameraMode":{"drawMode":0,"name":"Shaded","section":"Shading Mode"},"sceneLighting":true,"audioPlay":false,"sceneViewState":{"showFog":true,"showMaterialUpdate":false,"showSkybox":true,"showFlares":true,"showImageEffects":true,"showParticleSystems":true},"in2DMode":false,"pivot":{"x":784.6859741210938,"y":289.9053955078125,"z":37.227027893066409},"rotation":{"x":-0.01318990346044302,"y":-0.00300454068928957,"z":-0.000038287304050754756,"w":0.9999111294746399},"size":1040.727783203125,"orthographic":false}